{
  "Add character" : {
    "transaction" : "Add character",
    "sampleCount" : 2000,
    "errorCount" : 0,
    "errorPct" : 0.0,
    "meanResTime" : 207.47449999999978,
    "medianResTime" : 122.0,
    "minResTime" : 1.0,
    "maxResTime" : 1179.0,
    "pct1ResTime" : 638.9000000000001,
    "pct2ResTime" : 712.9499999999998,
    "pct3ResTime" : 969.95,
    "throughput" : 341.53005464480873,
    "receivedKBytesPerSec" : 92.17109054815575,
    "sentKBytesPerSec" : 73.7091231215847
  },
  "Get user by id" : {
    "transaction" : "Get user by id",
    "sampleCount" : 2000,
    "errorCount" : 0,
    "errorPct" : 0.0,
    "meanResTime" : 95.85150000000003,
    "medianResTime" : 49.0,
    "minResTime" : 1.0,
    "maxResTime" : 742.0,
    "pct1ResTime" : 219.0,
    "pct2ResTime" : 248.94999999999982,
    "pct3ResTime" : 376.0,
    "throughput" : 487.8048780487805,
    "receivedKBytesPerSec" : 129.26543445121953,
    "sentKBytesPerSec" : 61.620617378048784
  },
  "Delete user" : {
    "transaction" : "Delete user",
    "sampleCount" : 2000,
    "errorCount" : 0,
    "errorPct" : 0.0,
    "meanResTime" : 106.50750000000026,
    "medianResTime" : 57.0,
    "minResTime" : 0.0,
    "maxResTime" : 592.0,
    "pct1ResTime" : 255.0,
    "pct2ResTime" : 310.0,
    "pct3ResTime" : 380.0,
    "throughput" : 552.791597567717,
    "receivedKBytesPerSec" : 158.17181453841903,
    "sentKBytesPerSec" : 116.25574385019348
  },
  "Update user" : {
    "transaction" : "Update user",
    "sampleCount" : 2000,
    "errorCount" : 0,
    "errorPct" : 0.0,
    "meanResTime" : 93.15649999999974,
    "medianResTime" : 35.5,
    "minResTime" : 0.0,
    "maxResTime" : 573.0,
    "pct1ResTime" : 232.0,
    "pct2ResTime" : 270.0,
    "pct3ResTime" : 351.0,
    "throughput" : 511.2474437627812,
    "receivedKBytesPerSec" : 135.47757700664621,
    "sentKBytesPerSec" : 114.5084435710634
  },
  "Total" : {
    "transaction" : "Total",
    "sampleCount" : 10000,
    "errorCount" : 20,
    "errorPct" : 0.2,
    "meanResTime" : 257.294699999999,
    "medianResTime" : 108.0,
    "minResTime" : 0.0,
    "maxResTime" : 2451.0,
    "pct1ResTime" : 634.0,
    "pct2ResTime" : 1762.949999999999,
    "pct3ResTime" : 2241.9799999999996,
    "throughput" : 1254.0757461750688,
    "receivedKBytesPerSec" : 7976.123818425508,
    "sentKBytesPerSec" : 239.84247632932028
  },
  "Get all characters" : {
    "transaction" : "Get all characters",
    "sampleCount" : 2000,
    "errorCount" : 20,
    "errorPct" : 1.0,
    "meanResTime" : 783.4834999999993,
    "medianResTime" : 342.0,
    "minResTime" : 1.0,
    "maxResTime" : 2451.0,
    "pct1ResTime" : 1922.9,
    "pct2ResTime" : 2241.8999999999996,
    "pct3ResTime" : 2386.9700000000003,
    "throughput" : 251.00401606425703,
    "receivedKBytesPerSec" : 7709.540064555095,
    "sentKBytesPerSec" : 45.13660109186747
  }
}