{
  "Add character" : {
    "transaction" : "Add character",
    "sampleCount" : 8000,
    "errorCount" : 0,
    "errorPct" : 0.0,
    "meanResTime" : 509.99262500000196,
    "medianResTime" : 608.0,
    "minResTime" : 0.0,
    "maxResTime" : 1431.0,
    "pct1ResTime" : 770.0,
    "pct2ResTime" : 879.0,
    "pct3ResTime" : 1068.0,
    "throughput" : 425.5771890626662,
    "receivedKBytesPerSec" : 115.04875643353017,
    "sentKBytesPerSec" : 91.84820193637621
  },
  "Get user by id" : {
    "transaction" : "Get user by id",
    "sampleCount" : 8000,
    "errorCount" : 0,
    "errorPct" : 0.0,
    "meanResTime" : 533.8878749999991,
    "medianResTime" : 612.0,
    "minResTime" : 0.0,
    "maxResTime" : 1248.0,
    "pct1ResTime" : 810.7000000000016,
    "pct2ResTime" : 1061.0,
    "pct3ResTime" : 1075.0,
    "throughput" : 503.9052658100277,
    "receivedKBytesPerSec" : 133.76316600135425,
    "sentKBytesPerSec" : 63.88567796910431
  },
  "Delete user" : {
    "transaction" : "Delete user",
    "sampleCount" : 8000,
    "errorCount" : 0,
    "errorPct" : 0.0,
    "meanResTime" : 567.4056250000004,
    "medianResTime" : 639.0,
    "minResTime" : 0.0,
    "maxResTime" : 1710.0,
    "pct1ResTime" : 880.0,
    "pct2ResTime" : 1041.0,
    "pct3ResTime" : 1293.0,
    "throughput" : 566.0911406736484,
    "receivedKBytesPerSec" : 161.9772502122842,
    "sentKBytesPerSec" : 119.312483968122
  },
  "Update user" : {
    "transaction" : "Update user",
    "sampleCount" : 8000,
    "errorCount" : 0,
    "errorPct" : 0.0,
    "meanResTime" : 509.4698750000003,
    "medianResTime" : 601.0,
    "minResTime" : 0.0,
    "maxResTime" : 1433.0,
    "pct1ResTime" : 772.0,
    "pct2ResTime" : 887.0,
    "pct3ResTime" : 1035.0,
    "throughput" : 532.7295731504295,
    "receivedKBytesPerSec" : 141.41466494223215,
    "sentKBytesPerSec" : 119.56442854348406
  },
  "Total" : {
    "transaction" : "Total",
    "sampleCount" : 40000,
    "errorCount" : 26,
    "errorPct" : 0.065,
    "meanResTime" : 646.6938250000019,
    "medianResTime" : 585.0,
    "minResTime" : 0.0,
    "maxResTime" : 13571.0,
    "pct1ResTime" : 745.0,
    "pct2ResTime" : 761.0,
    "pct3ResTime" : 12500.890000000018,
    "throughput" : 1772.9710562475068,
    "receivedKBytesPerSec" : 20482.19254881211,
    "sentKBytesPerSec" : 340.0042956456939
  },
  "Get all characters" : {
    "transaction" : "Get all characters",
    "sampleCount" : 8000,
    "errorCount" : 26,
    "errorPct" : 0.325,
    "meanResTime" : 1112.7131250000016,
    "medianResTime" : 633.0,
    "minResTime" : 1.0,
    "maxResTime" : 13571.0,
    "pct1ResTime" : 1190.5000000000027,
    "pct2ResTime" : 3341.0,
    "pct3ResTime" : 13101.98,
    "throughput" : 354.6099290780142,
    "receivedKBytesPerSec" : 20097.506605648825,
    "sentKBytesPerSec" : 64.20223154920212
  }
}