{
  "Add character" : {
    "transaction" : "Add character",
    "sampleCount" : 14106,
    "errorCount" : 0,
    "errorPct" : 0.0,
    "meanResTime" : 396.05529561888574,
    "medianResTime" : 406.0,
    "minResTime" : 1.0,
    "maxResTime" : 1231.0,
    "pct1ResTime" : 592.0,
    "pct2ResTime" : 643.0,
    "pct3ResTime" : 732.0,
    "throughput" : 437.9113373897926,
    "receivedKBytesPerSec" : 118.45843794626225,
    "sentKBytesPerSec" : 94.51016168275797
  },
  "Get user by id" : {
    "transaction" : "Get user by id",
    "sampleCount" : 13904,
    "errorCount" : 0,
    "errorPct" : 0.0,
    "meanResTime" : 362.2753883774462,
    "medianResTime" : 361.0,
    "minResTime" : 1.0,
    "maxResTime" : 1043.0,
    "pct1ResTime" : 559.0,
    "pct2ResTime" : 624.0,
    "pct3ResTime" : 730.0,
    "throughput" : 477.27584786489086,
    "receivedKBytesPerSec" : 126.77639708911163,
    "sentKBytesPerSec" : 60.591660373472465
  },
  "Delete user" : {
    "transaction" : "Delete user",
    "sampleCount" : 13478,
    "errorCount" : 0,
    "errorPct" : 0.0,
    "meanResTime" : 365.0496364445772,
    "medianResTime" : 305.0,
    "minResTime" : 10.0,
    "maxResTime" : 1640.0,
    "pct1ResTime" : 623.0,
    "pct2ResTime" : 665.0,
    "pct3ResTime" : 1020.0,
    "throughput" : 472.995262326724,
    "receivedKBytesPerSec" : 135.3394647087208,
    "sentKBytesPerSec" : 99.77243814704333
  },
  "Update user" : {
    "transaction" : "Update user",
    "sampleCount" : 13683,
    "errorCount" : 0,
    "errorPct" : 0.0,
    "meanResTime" : 301.3315062486297,
    "medianResTime" : 303.0,
    "minResTime" : 1.0,
    "maxResTime" : 1087.0,
    "pct1ResTime" : 461.0,
    "pct2ResTime" : 534.7999999999993,
    "pct3ResTime" : 664.0,
    "throughput" : 473.78808864265926,
    "receivedKBytesPerSec" : 125.84996104570638,
    "sentKBytesPerSec" : 106.4172464724723
  },
  "Total" : {
    "transaction" : "Total",
    "sampleCount" : 69392,
    "errorCount" : 0,
    "errorPct" : 0.0,
    "meanResTime" : 379.26062082084474,
    "medianResTime" : 219.0,
    "minResTime" : 1.0,
    "maxResTime" : 2981.0,
    "pct1ResTime" : 447.0,
    "pct2ResTime" : 520.0,
    "pct3ResTime" : 628.0,
    "throughput" : 1920.407372557702,
    "receivedKBytesPerSec" : 34484.88546970997,
    "sentKBytesPerSec" : 368.32275998713123
  },
  "Get all characters" : {
    "transaction" : "Get all characters",
    "sampleCount" : 14221,
    "errorCount" : 0,
    "errorPct" : 0.0,
    "meanResTime" : 467.6578299697645,
    "medianResTime" : 413.0,
    "minResTime" : 16.0,
    "maxResTime" : 2981.0,
    "pct1ResTime" : 636.0,
    "pct2ResTime" : 934.0,
    "pct3ResTime" : 2856.0,
    "throughput" : 393.61731572974617,
    "receivedKBytesPerSec" : 34074.47683128512,
    "sentKBytesPerSec" : 71.49689523997343
  }
}