{
  "Add character" : {
    "transaction" : "Add character",
    "sampleCount" : 100,
    "errorCount" : 0,
    "errorPct" : 0.0,
    "meanResTime" : 320.98999999999984,
    "medianResTime" : 332.0,
    "minResTime" : 152.0,
    "maxResTime" : 384.0,
    "pct1ResTime" : 365.9,
    "pct2ResTime" : 375.84999999999997,
    "pct3ResTime" : 384.0,
    "throughput" : 259.7402597402597,
    "receivedKBytesPerSec" : 70.00811688311688,
    "sentKBytesPerSec" : 56.05722402597402
  },
  "Get user by id" : {
    "transaction" : "Get user by id",
    "sampleCount" : 100,
    "errorCount" : 0,
    "errorPct" : 0.0,
    "meanResTime" : 123.43,
    "medianResTime" : 99.5,
    "minResTime" : 41.0,
    "maxResTime" : 256.0,
    "pct1ResTime" : 242.8,
    "pct2ResTime" : 247.0,
    "pct3ResTime" : 255.95999999999998,
    "throughput" : 353.35689045936397,
    "receivedKBytesPerSec" : 93.51534893992934,
    "sentKBytesPerSec" : 44.514686395759725
  },
  "Delete user" : {
    "transaction" : "Delete user",
    "sampleCount" : 100,
    "errorCount" : 0,
    "errorPct" : 0.0,
    "meanResTime" : 266.9799999999999,
    "medianResTime" : 343.5,
    "minResTime" : 38.0,
    "maxResTime" : 420.0,
    "pct1ResTime" : 419.0,
    "pct2ResTime" : 419.0,
    "pct3ResTime" : 420.0,
    "throughput" : 138.50415512465375,
    "receivedKBytesPerSec" : 39.63058344875346,
    "sentKBytesPerSec" : 29.08046225761773
  },
  "Update user" : {
    "transaction" : "Update user",
    "sampleCount" : 100,
    "errorCount" : 0,
    "errorPct" : 0.0,
    "meanResTime" : 193.15999999999997,
    "medianResTime" : 84.0,
    "minResTime" : 28.0,
    "maxResTime" : 420.0,
    "pct1ResTime" : 419.0,
    "pct2ResTime" : 420.0,
    "pct3ResTime" : 420.0,
    "throughput" : 141.24293785310735,
    "receivedKBytesPerSec" : 37.379722810734464,
    "sentKBytesPerSec" : 31.586555437853107
  },
  "Total" : {
    "transaction" : "Total",
    "sampleCount" : 500,
    "errorCount" : 0,
    "errorPct" : 0.0,
    "meanResTime" : 312.26399999999984,
    "medianResTime" : 316.0,
    "minResTime" : 28.0,
    "maxResTime" : 680.0,
    "pct1ResTime" : 656.0,
    "pct2ResTime" : 672.0,
    "pct3ResTime" : 679.0,
    "throughput" : 207.1251035625518,
    "receivedKBytesPerSec" : 1106.8652262841756,
    "sentKBytesPerSec" : 39.645039353769675
  },
  "Get all characters" : {
    "transaction" : "Get all characters",
    "sampleCount" : 100,
    "errorCount" : 0,
    "errorPct" : 0.0,
    "meanResTime" : 656.76,
    "medianResTime" : 656.0,
    "minResTime" : 586.0,
    "maxResTime" : 680.0,
    "pct1ResTime" : 675.0,
    "pct2ResTime" : 679.0,
    "pct3ResTime" : 680.0,
    "throughput" : 146.41288433382138,
    "receivedKBytesPerSec" : 3753.259974377745,
    "sentKBytesPerSec" : 26.59452781844802
  }
}